{"first":[-1.2454098078759563,-0.15414001707465322,0.09052701590672793,0.34984885527005244,-3.793388253664983,0.08783258097141858,1.1004071389837686,-0.7879522495927832,0.018439351887750716,4.375325329215839,1.1184386956889631,-4.238291910263919,1.2246782212037644,-0.27680074713669084,-3.320038955342373,-1.3013361899306264,-1.1825953825793816,0.8162572014387677,0.10645801398228857,9.950207209839421,0.2964128310245722,0.7622167838724813,-1.6067735957856706,-0.00994262513680516,0.19234848305666552,-2.6108441272037557],"second":[0.556023907338272,0.6309197570836921,0.7891788114514925,0.28112042418453037,3.329991212840051,0.29075300908075535,0.16213582069126092,0.3761398386884411,0.6899173007880399,-6.965960221232613,0.6631325827130076,8.157680551229603,-0.9889845616829167,0.8194401690085472,8.046527263868548,-0.16432949164183894,-4.708262751017086,-1.3456914966520366,0.5028957978309301,-6.1458669447214955,-0.23126333634126112,-1.1955717831193575,-0.13501061430270242,-1.0415978077767436,-0.19895832008466502,-2.1840459353817523],"third":[-1.6196552140924838,0.6144043822035338,0.5865218001488153,-0.6858748569017439,4.384954349847695,-0.29489475402313264,-0.41689197860373817,-0.8595139132190508,1.3618935516147253,2.278179141508778,-1.356490659199271,-6.701116255329538,2.80434117472278,0.7028614930120147,-4.128320149845229,0.5696081009316804,3.2452091143861015,-1.020433311025867,0.004113545540134973,-0.49516691931656687,-0.3221923594632301,-1.020028669204594,1.5605511526745193,-0.6280617674354045,-0.3556477214939593,1.7895084530917549],"fourth":[1.2599271371903933,-0.9044808402363358,0.5292626492756267,0.9050904566444629,1.1027172487150647,-0.31478091836069066,-0.5607708537187905,-0.06659593833047874,-0.2875046973265083,2.4558559735718504,-1.472167531454022,-11.422196696432566,-1.722580323903559,-0.8508255905050632,-0.013578296385270437,0.24364577645992175,3.463658642950091,1.5489138828612883,0.5185367714807493,4.573795197371715,-0.13311841241870323,0.9060003196927284,-3.2102204469094806,0.45925732503460065,-0.19177675314241438,3.143259056113711],"fifth":[0.08357529673797925,-1.142859282255824,-0.8882587755739335,0.6104509638345408,0.013066765881063635,0.0790117508779695,2.2599937142747435,0.4141933946738996,0.7548228040218625,5.841312222405446,-1.2130810171230562,-8.807922185993457,-1.0534380045067173,1.6310441425745879,-0.5618383672539602,-1.1931847286157011,3.6233548304502126,0.5395049740079815,0.24557731602102942,3.953921967071778,-0.28279872208710916,-1.2797263125240788,-1.56915686706269,-1.6898480358417995,0.06886342870855751,-0.4365160243665369]}
