{"first":[-1.0586784800276148,-0.1723183442411167,0.009445026569774646,0.30885199363577026,-3.640852257422345,0.049541044767101854,1.006144177572808,-0.5407441426374306,0.04878036277430492,4.308507626870362,0.9938196216576469,-4.312988715466355,1.2911997941546784,-0.13334926321230095,-3.371634670164045,-1.0603035939723846,-1.1740526261221091,0.7441671620044004,0.06157188703225301,9.822443560141567,0.12748495864713238,0.7640880748754919,-1.5464263001235337,0.012913750943961915,0.0703436211606113,-2.617050583156607],"second":[0.46369476904702595,0.5295803315182022,0.6073808675877086,0.19444532913190385,3.2822559379516942,0.13969717855230962,0.16181825450935086,0.2576375719286623,0.5400179853887735,-6.885040295509697,0.7268108539213172,8.184189672673613,-0.911262859324775,0.7110995748882418,8.029767082734056,-0.11681149668795113,-4.623657140745802,-1.1962724230951787,0.23637836375054447,-6.083701308705287,-0.08969879355463568,-1.1196350406839832,-0.018659445776031233,-0.8567899186681498,-0.08088519542466859,-2.0829394992374275],"third":[-1.5319834692917658,0.5030555619101235,0.4419959357050497,-0.5662765400768741,4.286399000476585,-0.14465178978487733,-0.44349951161870643,-0.5543074628634244,1.0273663047439914,2.242577300137479,-1.2870418532923409,-6.691006221456001,2.6743904398831853,0.5099115642906484,-4.1026989422478515,0.4241160182346393,3.2211578474273037,-0.9130533075024263,0.0056861997775333895,-0.47216312166941216,-0.13561090861478237,-0.9579478889142442,1.414888345192868,-0.5680984929228604,-0.14554984871652035,1.7568535173595317],"fourth":[1.0854801341243736,-0.7219905841359582,0.33454025853831587,0.7157658630604159,1.0263413375422847,-0.13415228708133806,-0.5102780325389941,-0.05667855904299166,-0.2245007418900924,2.4804635990590698,-1.2581849805231604,-11.407307980546344,-1.585849671767074,-0.6849666489049809,-0.0166503138311709,0.22104062093229446,3.4208775747830042,1.492968912799883,0.2280977045243433,4.533546753173678,-0.05501794841139568,0.7255605848597692,-2.983925983391138,0.3981196999596684,-0.0742473497046275,3.0414663300283227],"fifth":[0.07790603415399534,-0.8955827189893157,-0.6817450297549904,0.48067328232341944,-0.015375610988573804,0.04382095502457847,2.051134965604377,0.2321148918386982,0.6328466851997435,5.766777326151554,-1.1959572629649582,-8.846537143687492,-0.877685747128755,1.4511480591634216,-0.5960122969007161,-0.9930834696871725,3.5344109700740116,0.5152670912961882,0.11406656677753156,3.9011993622516474,-0.11786456432576395,-1.1474722741597276,-1.5070513973878001,-1.471472017387595,0.02222915306424949,-0.4800785684932054]}
