{"first":[-1.0642562207428927,-0.32446986952942103,-0.19788463111239768,0.6068909434833888,-2.090308497253184,0.01222634060372486,0.7077749856646706,-1.2413656930687613,-0.24911014336054904,2.4790709017846386,-0.4926679333390909,-1.0931141485182454,1.519865685310978,-0.12211793388605907,-0.5074509164431412,-1.2139131307262392,0.3538063788850933,0.9431207628500337,0.38384043780187765,3.413833135026424,0.6360630104606895,0.255963525694595,-1.8918695216468895,0.09727926025479658,0.07714871944608667,-1.1190526208537117],"second":[0.899632834113047,0.38009859509068167,0.44060799174398546,0.8153925385217737,2.095861040236198,0.4139616941674124,-0.05655761966295145,0.699993858884783,0.13526709613829394,-1.5941603078841924,1.472420074059526,0.7056898840249345,-0.6969929170842603,-0.25721869749811904,2.3208346009178245,-1.235801108211641,-1.3832946311233678,-1.199393038767468,0.7331146482072457,-1.2377977270803953,-0.480512252500079,-0.8441946771577687,-0.3618674509973444,-1.058889834344114,-0.6992464777342686,0.006737608679363448],"third":[-0.6558432075652297,0.54347613236396,2.1009423627979995,-0.6379555127239616,2.137532516252486,-0.4320493392930164,0.029838409845099792,0.22063504367433023,2.0208719481629482,-0.8489394036141059,-0.8920251482279278,-2.854431510819455,0.1824463262628334,1.180749530448523,-0.9922354681942424,1.401922447587258,1.0826684700046187,-0.38121741394224895,-0.4577743839998675,-0.4272623204342688,-0.3895831151972042,-0.6307061374571571,0.17820786866454982,-0.6227206309793963,-0.8270245084136879,-0.13174485973340702],"fourth":[1.407725310678946,-1.029834430043173,0.8069745566827021,0.5370941605743332,0.407346557188693,-0.625385704838448,-0.6973746539767958,-0.4490396346342051,-0.7186262573904538,-0.7774114538538917,-0.3424962497292609,-2.7411033060844616,-1.7749554218460795,-1.1721534752436713,-0.1820369441672878,0.5153606636306951,0.4623601173743607,1.8579496040425443,0.9450351215313997,1.4502809501947456,0.1730853001619307,0.3501941525254253,-0.7720382759869693,1.2815349387125046,-0.21841633154195997,1.2124042921518976],"fifth":[0.09531113453068069,-1.8642555394055451,0.5354958388651841,0.7564750160138638,-0.41789628364107767,0.3335940728001642,1.7448838613922144,0.8002916921632803,0.4589271409774957,0.6548570552120658,-1.2368122419581165,-1.8025191520896586,-0.01864932744384814,1.1843691879710625,0.19811837137410385,-1.2348685311610543,1.7366273300942379,0.43427255455837094,0.591054121339778,1.9203024977906742,-0.9073546530748092,-1.7199403218907097,0.1299214628086316,-1.9997137890044305,-0.009440516759736622,-0.34349976940136945]}
