{"first":[-1.0538403891156565,-0.16952583681518918,0.0070847764723186895,0.3089988362609313,-3.640471360064393,0.04945847753208463,1.0052747093866374,-0.5355871817280985,0.048922337492161086,4.306552403952686,0.9917741068745916,-4.315218618860846,1.2920111418128137,-0.13022930124587417,-3.373440154829346,-1.0548087611323826,-1.17544001143851,0.7440776064020267,0.05796026960578398,9.819446004577104,0.12297600022194857,0.7623409607298078,-1.5457419086462674,0.013304415501946653,0.06889235231527259,-2.6179419450469363],"second":[0.46062825735387347,0.5298195261838935,0.6067398937228707,0.190487985475958,3.2810960405766125,0.13750120647665065,0.1619377432697031,0.25604269413122555,0.5375871439267521,-6.88415968878301,0.7274687139008835,8.184297332551884,-0.9105312104634385,0.7108699912239667,8.029366116117426,-0.11387236106742182,-4.622734301771474,-1.1931382522186404,0.22576688148277121,-6.082896350599706,-0.08741904080399329,-1.1182601888841481,-0.01683466952603086,-0.8534894101950194,-0.07646702866013932,-2.08172885957939],"third":[-1.5308137867655074,0.49897360527752915,0.440533453348052,-0.5632546383928911,4.2854262388028275,-0.14195280549114148,-0.44283734892653576,-0.5511393898304959,1.0221750256327913,2.2427226105300773,-1.2865896664154304,-6.689949209711345,2.672560293536509,0.5075099139096708,-4.101614361175374,0.42099694749199507,3.2215777273467716,-0.9118945680920096,0.0012564560118626701,-0.47135380414839334,-0.13183113772650354,-0.9563594591989435,1.4133669140257223,-0.566633930050693,-0.1402321109597047,1.757120102254549],"fourth":[1.0832440127114433,-0.7180834311280979,0.33372124349162,0.7120588825027591,1.0251470502481392,-0.12923064267058182,-0.5095272275965559,-0.05613950656983977,-0.2252028914280506,2.480944513595531,-1.255048087638886,-11.40708236072693,-1.5831025583883491,-0.6816343389031714,-0.016716950868803256,0.21962024360643265,3.4201517970087996,1.491265745618832,0.22076543753390596,4.5329595812487256,-0.05475261417280068,0.7223617523871892,-2.9811408455393202,0.3967660223197647,-0.07011287484049697,3.0402279600533646],"fifth":[0.07745791580044423,-0.8924999837832259,-0.679639896422034,0.4769737559100874,-0.015620340377087726,0.04040420724963783,2.0482101217956687,0.22814463252176578,0.6306705718647764,5.7660921707101345,-1.1944656823272026,-8.846691249179763,-0.8752387820025369,1.4495562901314598,-0.5961446798199875,-0.9887840685668103,3.5336346810022343,0.5145642323605367,0.11359275417601394,3.900808173735349,-0.11571172383274785,-1.1444727275607476,-1.5054432193348062,-1.4685561704121806,0.021356870760710637,-0.4803508083008959]}
