{
    "first": [
        -0.3152276452952663,
        -0.404006670884792,
        -0.23186444688697172,
        -0.38461644908779846,
        0.657954054330888,
        -0.008371206430049596,
        0.048937824844199306,
        -0.0012362314560745839,
        0.1247766805311405,
        0.3499846650933528,
        -0.07685785719171057,
        0.640630654926947,
        -0.18054250113058617,
        0.11882004101151032,
        -0.13480622838625503,
        -0.18989565411117681,
        -0.02260176765751048,
        -0.26832558724676026,
        0.1278383928203743,
        0.3024148139682699,
        -0.2752844068574206,
        0.00043913770877183737,
        -0.11686477233635881,
        0.04795669967083311,
        -0.4864185294371714,
        0.15702683181237512
    ],
    "second": [
        0.7538263634784146,
        0.418881092967055,
        0.6514791556555208,
        -0.12250651428773743,
        -0.9369878840147107,
        -0.4803769471361766,
        0.5850497941104859,
        0.6686143281581461,
        0.0639104676518343,
        0.39327804876107525,
        -0.10966415435580529,
        -1.0233670474078091,
        0.04834116193125335,
        -1.1387300573482886,
        1.0146647058256746,
        -0.611796202336441,
        -0.29747490653107417,
        -0.5455002093560597,
        0.5792649348340899,
        -0.32941015700800186,
        -0.16170155914870596,
        0.05833809771193184,
        0.9146318002395681,
        0.25026237796951484,
        -0.3820228724106903,
        0.2523329924153143
    ],
    "third": [
        -0.5737634688733555,
        0.7192069757086048,
        0.20211120762549106,
        0.6180983596707198,
        0.47800858247447675,
        -1.2057971638752816,
        0.4072309508576732,
        -1.1213257847425695,
        -0.16267231839785412,
        0.1942135139344049,
        -0.3471844691503221,
        -0.49113242431643406,
        -0.2581012363176399,
        -1.0909664087754314,
        0.5512009782478035,
        0.3254427263530107,
        0.7417522410854599,
        0.8211888039101063,
        -0.24227140026347666,
        -0.1682095232415728,
        0.09379552330795034,
        -0.41971760953554305,
        -1.4758199622170893,
        0.3175150848172323,
        -0.981017199858761,
        -0.15134999919827524
    ],
    "fourth": [
        0.6015451783313656,
        0.18543604619861745,
        -0.21149668998721996,
        -0.8507596197459494,
        -0.5568944113541185,
        -0.4036371051066888,
        0.6649172943858399,
        -0.7638647972836798,
        -0.9712755600733772,
        -0.41700234272727305,
        -0.5119563494434296,
        -0.45114509535716346,
        0.3802864715134641,
        -0.061175786463470855,
        0.3236084896267683,
        0.48998056333963125,
        -0.02309887055370993,
        -0.12234679253962563,
        -0.4173245793100544,
        0.6228801112377553,
        0.6792874193523916,
        0.010523555570055021,
        0.6340031623679262,
        -0.12003808601907508,
        0.5933910201250944,
        -0.8843550886710094
    ],
    "fifth": [
        1.126326926361239,
        -1.0619405321077822,
        0.02040737866043634,
        -0.35871553017531355,
        -0.17894692831345646,
        0.2777980870289296,
        0.6209176197867442,
        0.3529866775370029,
        0.7872520377280351,
        -0.007775805307477151,
        0.06299785778273047,
        0.7383215534774825,
        -0.7261075859474958,
        -0.19923685949546785,
        -0.12580115174405418,
        0.10904888603215124,
        -0.5154767443556345,
        0.4409821439490567,
        1.0648802234366428,
        -0.08730066193015722,
        0.1419108970712072,
        -0.05283233800723256,
        0.14019983585108298,
        -0.5602356440998674,
        -0.8076839184635151,
        0.06956256423041032
    ]
}