{"first":[-1.8221438943449466,-0.23892741662994083,-0.7444303430447824,0.618928318211513,-3.139434525525488,0.08422507563173094,1.5305539470530103,-1.8569689320361105,-0.011399388047728352,3.353724438015054,0.20506414407253484,-1.9302332503327868,1.7715323581247207,-0.013275516388541499,-0.40400780753878707,-1.6865575011974876,-0.06091106552634283,1.4048040603488698,0.39736282842574844,5.668623037565882,0.6360368687042659,0.644240825570041,-2.876951739939252,0.08478034505856956,0.27979824271524806,-1.8871630750374446],"second":[0.8998065817013311,0.6736987737948347,0.43647723082814505,0.8065107000469907,2.6503866564453147,0.593245770079232,-0.07372031638882022,0.785592881340084,0.1063449527610343,-2.8893933082228376,1.8935521221311717,2.5357233974805236,-1.014572287378783,0.22239140804960436,4.172220153228902,-1.1255447236941545,-2.792767107700931,-1.788277620960646,0.8381519566166393,-2.5606071375037973,-0.5111399375915892,-1.5232654381040636,0.13261676906558612,-1.35402981638825,-0.7211450823892189,-0.39411100808672983],"third":[-1.2196946749150486,0.8863071023015596,2.3393211572123946,-0.8963369006114249,3.552405247437202,-0.516387454688902,-0.3096094723720881,-0.888421671794541,3.078832074934928,0.44112103817720555,-1.433326901807374,-4.303527266282517,1.1534734065556465,1.365932220084676,-1.7194223357150122,1.7666814779887712,1.7229850912740297,-0.924827341157172,-0.22198476304845374,-0.6399023022356569,-0.4758491279073061,-0.8830066757403762,0.17919564564172816,-0.6934057760415666,-1.3356535574008646,0.010089583732926012],"fourth":[1.78170798352432,-1.2599488363564493,1.2514306555536476,0.8780363642798643,0.6717443805356715,-0.7868937316838456,-0.8678186306873763,-0.6510955739597392,-1.10933438368447,-0.7549853302819992,-0.4382091579703714,-5.6069514512254655,-2.131579271424944,-1.6351336193431458,-0.5711260312224662,0.7092617333218476,2.043526233458276,2.651588731406435,0.9702951870459607,2.453599454369275,0.1483171032796698,0.8800913220363936,-1.9937378480419534,1.704946485395605,-0.3396394337924052,1.9348990866443463],"fifth":[-0.05670031516107225,-2.056324591485715,0.270921884342001,0.9784927814010677,-0.3588990942713425,0.3104291612118924,2.437569455501517,1.0020526575402597,0.5393049508041582,1.0705575917044694,-1.838092942102355,-4.053986006611367,-0.33728184623597607,2.2245887851749253,0.6024111973082537,-1.6577975189576604,2.784866250512561,0.6298391862347327,0.6621960455771114,2.6384623734377155,-0.9804086704189173,-1.7806191405221012,-0.024229096436804466,-2.4608101428852365,0.10957622459673715,-0.6407904911824966]}
