{"first":[-1.8860549774946243,-0.23966050215838003,0.2651982205630518,0.46655805491241514,-4.399968139207623,0.1884293836763784,1.340014371851568,-1.3521558622503227,0.06385580834382587,4.677621816896506,1.343658317424578,-3.919378784493748,0.9927230918220366,-0.5666760276677074,-2.766060031207918,-2.021906094248304,-1.2756506494345943,0.9031101392835059,0.25523959289551673,10.263584783253425,0.7126339537582128,0.8719534596512588,-1.9240460643760247,-0.03330033149633613,0.4637748432476031,-2.6859295331559156],"second":[0.9670255821389624,0.7411590439631512,1.1388110029698422,0.6609119530463511,3.74706548912872,0.5922668959637336,0.19130655168845923,0.771223300083568,0.9674326611713395,-6.913636467240469,0.4662457282378521,7.912357971988199,-0.9971016373495727,0.9514530218931185,7.99783714033232,-0.26794485268234847,-4.850264206916047,-1.8281719698715293,1.077759614778627,-6.319004967619693,-0.5776146782784408,-1.5347314224823696,-0.3094595750660627,-1.3812772011713417,-0.7564901349874514,-2.2677960983487977],"third":[-2.0375292283522715,1.0583499846825992,0.8701858445192293,-1.0233239229308275,4.766986341208889,-0.5006938145276594,-0.4459019581667193,-1.443714641514904,2.209084632395651,2.3429727358146546,-1.2844965197742455,-6.809492740034291,3.113559945278798,1.1839906094936485,-4.23086904868945,1.0997457622939975,3.18082016292447,-1.3598475317170442,-0.019600117062563507,-0.6007648619158896,-0.6632050016932096,-1.1364199811965516,1.8186255589845344,-0.8692845418494614,-1.1700660953955266,1.7528471388025668],"fourth":[1.8648106684656414,-1.3750002858832917,0.974577934261349,1.2537037008832088,1.4704064036615025,-0.7950547417119274,-0.7079598838426554,-0.08532578501096019,-0.4944645288081974,2.0923053036881827,-1.876643995217605,-11.241933708081394,-2.0887165481138097,-1.396240907514776,-0.17381825448244534,0.38702039286940204,3.5864126753402874,2.0025288383797495,1.2120053426531878,4.541948219689396,-0.21048814013341205,1.3732697426733893,-3.6732950787540304,0.7771026587666948,-0.5495390877208801,3.2056507241781267],"fifth":[0.12093426176449978,-1.687405554764878,-1.3337711086987425,0.9900469857955678,-0.16113759183255852,0.23584315501671185,2.730560202756214,0.9669907681132881,1.1424287294743118,5.858431772639825,-1.481276858935942,-8.468063280841458,-1.2776000470084288,2.0740741797950726,-0.2547574649699167,-1.6537894401584938,3.845207343953837,0.6664980856203903,0.46546691751643604,4.063940881837769,-0.7765723761279251,-1.7302854592178056,-1.874501275152611,-2.2424077279539656,0.26315211390036936,-0.5509594600035906]}
