{"first":[-1.0448272829949936,-0.16499467305943522,0.0034108696074972304,0.30886457590323374,-3.6387409611373984,0.04782497695155616,1.0033217098883531,-0.5253344561420783,0.04920259368253932,4.303667358731207,0.9884620599367372,-4.3184439100986705,1.2941031090099562,-0.1233561454093967,-3.375906163190422,-1.044354026009216,-1.1768706893698537,0.7440082690707311,0.05218910119561364,9.814566793862493,0.11407599270602858,0.7596587932184048,-1.5440259279942508,0.014513876457347995,0.06542970688339311,-2.6192356546309443],"second":[0.4548279573168689,0.5298379330175338,0.6047553156662981,0.18380090889872655,3.2791162220445944,0.13077429111333339,0.1615151853846277,0.25268803656419425,0.5332996001759985,-6.882792834042525,0.728544765244775,8.18403577284027,-0.9085624618898895,0.7097459947210067,8.028081285263484,-0.10850305560038005,-4.6213969766026475,-1.1865114164137915,0.21181634393399662,-6.08187528429473,-0.0804789222445192,-1.1153483076095188,-0.012889385204597072,-0.8465177588010729,-0.06846297343132114,-2.0799494897483854],"third":[-1.529329398752086,0.491113422958536,0.43695298536741617,-0.5573607534057643,4.282925483103355,-0.13688296365607835,-0.44239211987302884,-0.5449289963224259,1.0112223185804141,2.2422668456508545,-1.2861292599521925,-6.688677832497508,2.6682587813420877,0.5022419579678502,-4.100282989391686,0.41516883912190616,3.221649059910579,-0.9098548065783079,-0.0019437433169717689,-0.47050208728714676,-0.12318854713499902,-0.9540614059988964,1.410179188792102,-0.5642701487219449,-0.12992693358112856,1.7568258619755488],"fourth":[1.0784930193490618,-0.7106409398472955,0.33040413156422294,0.7067221169505097,1.0229358973113114,-0.12324686707667235,-0.507844545998601,-0.05439785602719459,-0.2255583132945578,2.481436504768522,-1.2490915595327508,-11.407035590620247,-1.5783286812724384,-0.6754108262615024,-0.017293002737836124,0.21672343060210336,3.418211726373429,1.4887359577233703,0.20865751768485966,4.531228492162622,-0.04989331649808899,0.7161925031056757,-2.975401575461207,0.3941565004083091,-0.0643817196230251,3.037459677698164],"fifth":[0.07655204272214834,-0.8867304043393874,-0.6747898901262932,0.47055735804705234,-0.01574396320822375,0.03532861211045082,2.0426331631300734,0.22064579619207048,0.6265615887694069,5.765181782366599,-1.1915562514295324,-8.846460905974215,-0.870855017597853,1.4461133391718992,-0.5958951018092901,-0.9808500146900371,3.5325810986756836,0.5134551736345162,0.10928928783749232,3.900350350979069,-0.11003523114193055,-1.1384173297567244,-1.5025055613607006,-1.4626882131616823,0.0178874090905146,-0.4805183007604389]}
