{"first":[-1.4307169751899673,-0.14687185229406824,0.1905714031308421,0.4003039631125419,-3.831943165595615,0.13921700895675457,1.1592589350486038,-0.9463393966205229,0.009317663023769187,4.421379971240651,1.178336874525802,-4.2064623636286065,1.1987558125166107,-0.4129041680981773,-3.2939160396525313,-1.4770800258210741,-1.1756223711822864,0.7951501349889091,0.2002009066498366,10.030630231953204,0.4565246780950589,0.7822149981874371,-1.6159823554317179,-0.02481624481840888,0.2651064299716978,-2.6217343819365735],"second":[0.726414711273321,0.6769403072439379,0.8054096492568346,0.49218473178160294,3.3814863210577575,0.37176897394043606,0.16120293394799826,0.495830693235066,0.7636006626260832,-6.997932803807234,0.6264040588442994,8.1604272878496,-1.0201488004146948,0.8578230466062959,8.062717390290585,-0.25937934714457334,-4.751017080199442,-1.4623921835121039,0.7748037837165792,-6.175315715583737,-0.43937304511957787,-1.24067768489352,-0.18349038706024043,-1.1251968433490571,-0.5190155760217139,-2.2259374203604794],"third":[-1.6370180376800765,0.7962453317807736,0.6541787021414537,-0.8116421344736238,4.453658409960269,-0.3813400898382432,-0.41869329434525493,-0.9920181472402351,1.5558482080051539,2.296278309165892,-1.3570767693164802,-6.709556250003644,2.8842468061468893,0.8361451385062866,-4.139416050898341,0.6727862697113884,3.262867302446509,-1.0960939884906171,-0.026435349036154483,-0.4961448099035957,-0.4951698663631007,-1.0247254441582168,1.6195291363784983,-0.6675588022736615,-0.7126680823293532,1.8278316743932452],"fourth":[1.387045894770797,-1.0642755281192506,0.6333774259363041,1.0395236289167424,1.1656506785914535,-0.522958592433255,-0.6128312065759256,-0.060497377408240724,-0.3187963071392921,2.4522304060265436,-1.6090586618557638,-11.423814054420534,-1.8000013429179966,-1.011789915173959,-0.0076645498505736875,0.2521643755683318,3.482324447055369,1.610266591997307,0.8293448805361133,4.5816076329424105,-0.14611137690828999,1.012186710838134,-3.3400475786632304,0.5095565341690025,-0.38558150426452775,3.204503041646262],"fifth":[0.13705847425360793,-1.2890729264047636,-1.0348651682839451,0.7417337991566303,-0.0061127148229838165,0.17669386895514308,2.383697072714078,0.633563185227905,0.8426301971666829,5.865397523683891,-1.3079707103573872,-8.777018064652596,-1.1509673003016858,1.6931429211218672,-0.5371926560394282,-1.3701596725296337,3.6813234436293523,0.5653868436162969,0.30164313685192845,3.967590547528519,-0.46480001668251525,-1.372955968223121,-1.6701124537320282,-1.8070479648174327,0.1767249822970301,-0.4203671040818494]}
