{"first":[-0.32187303898961117,-0.11933275692922078,-0.16379604022462763,0.0775565096448115,-0.4411584315460524,-0.031307755603533174,0.060235159510292464,-0.16236933188207167,-0.1801501599267935,0.5061339387457,-0.1644050597198269,-0.0649764832533889,0.23362166410534507,-0.11860473021190192,-0.050576051213776174,-0.11444595120566357,0.058060436668411826,0.2235178920861987,0.02244283637335383,0.6460201562166842,0.16172119267694396,-0.0018336660603741678,-0.27396478156611226,0.1703365853062889,0.008424249330836022,-0.09606814524739254],"second":[0.378043462321895,-0.042807496263461316,0.20237419918092198,0.12048262961587267,0.605418554338129,0.05079799214014283,0.054795411880936576,0.21380107980115182,0.1482343065041459,-0.14419058581232083,0.11708599777342697,-0.072772441590299,-0.23314590359085535,-0.04792749288308264,0.12980265445353673,-0.2609977538800631,-0.15733678591283506,-0.28169143351968834,0.18217305897050176,-0.28422473830320255,-0.16339048475569878,-0.20118559835715139,-0.04357496349218013,-0.28370011430730674,-0.0797077015476128,0.18971059462754844],"third":[-0.13212489496560148,0.1389604195918604,0.511640213294743,-0.14162388757401229,0.47791885450250743,-0.23495513601797016,-0.08598725764430264,-0.03500426363849484,0.4053411438332231,-0.34290507577608076,-0.26733772199191647,-0.17699718536236433,0.030307150415097586,0.44317738171104754,-0.12169997474964038,0.22937536258548272,0.13080979890596003,-0.004777072386849927,-0.12905019497897827,-0.3026576804396752,-0.2609467871957323,0.049641060270794554,0.11995477939323683,-0.12879412347429514,-0.2734477641441627,-0.10411641847596763],"fourth":[0.3284084209018924,-0.09606828504949472,0.05545529412942771,-0.01221449533717566,0.02736707216041117,-0.2741003625930636,-0.13443996829593058,-0.10987558260568754,-0.15708797732224036,-0.13841208272487315,-0.22256436359149748,-0.045802150568881886,-0.4489599973702181,-0.13374344522696316,-0.06862027608796312,0.014632022883961275,-0.06251051000547689,0.17592738870843805,0.2689461845087923,0.3165123658666219,0.0638013149243158,0.07995767567089151,-0.0482257223298299,0.30710210137486554,-0.06470562349365865,0.18902705538020548],"fifth":[0.23097182485335402,-0.7454398476213808,0.15130193101237413,0.3238487343585747,-0.08961201889724567,-0.10122279828262569,0.2686168117336032,0.11592362948631,0.07203570996380088,0.30820046455677863,-0.20694875550728237,0.07764517340011574,0.13315272987968632,0.05435708585012035,0.0550786140349077,-0.3174371161506122,0.21680152663814428,-0.010126559938813645,0.2120921504190161,0.5238452481230467,-0.26562960850053075,-0.552483267223659,-0.03002138027498215,-0.4656743915684748,-0.053776509464156,-0.009752607261406764]}
